"Lake","Year","Vessel","Serial","Weight","Length","Species","Life_Stage","Fish_Number"
2,2019,17,11523,36.42,NA,508,6,6
2,2019,17,11523,0.3,32,508,6,1
2,2019,17,11523,0.26,34,508,6,2
2,2019,17,11523,1.34,55,508,6,3
2,2019,17,11523,0.33,33,508,6,5
2,2019,17,11523,101.1,NA,106,6,7
2,2019,17,11523,62.79,NA,106,6,8
2,2019,17,11523,29.72,NA,508,6,9
2,2019,17,11523,1.12,55,508,6,4
2,2019,17,11527,1.3,52,508,6,4
2,2019,17,11527,0.56,40,508,6,21
2,2019,17,11527,0.9,47,508,6,20
2,2019,17,11527,0.92,48,508,6,19
2,2019,17,11527,0.7,44,508,6,18
2,2019,17,11527,0.5,40,508,6,17
2,2019,17,11527,0.23,30,508,6,16
2,2019,17,11527,1.15,51,508,6,15
2,2019,17,11527,5.11,85,508,6,1
2,2019,17,11527,0.39,37,508,6,14
2,2019,17,11527,0.32,31,508,6,3
2,2019,17,11527,0.3,31,508,6,24
2,2019,17,11527,0.4,40,508,6,5
2,2019,17,11527,1.32,52,508,6,6
2,2019,17,11527,0.52,40,508,6,7
2,2019,17,11527,1.11,51,508,6,8
2,2019,17,11527,0.5,37,508,6,9
2,2019,17,11527,0.28,32,508,6,10
2,2019,17,11527,0.85,48,508,6,11
2,2019,17,11527,0.87,46,508,6,12
2,2019,17,11527,0.99,48,508,6,13
2,2019,17,11527,0.98,54,508,6,2
2,2019,17,11527,22.44,NA,508,6,26
2,2019,17,11527,0.3,31,508,6,22
2,2019,17,11527,0.63,39,508,6,25
2,2019,17,11527,0.08,20,508,6,23
2,2019,17,11528,1.48,56,508,6,1
2,2019,17,11528,1.07,50,508,6,2
2,2019,17,11528,0.74,45,508,6,3
2,2019,17,11528,0.36,35,508,6,4
2,2019,17,11528,52.92,NA,508,6,6
2,2019,17,11528,2,51,106,6,7
2,2019,17,11528,1.79,50,106,6,8
2,2019,17,11528,1.12,50,508,6,5
2,2019,17,11529,3.08,71,106,6,3
2,2019,17,11529,1.54,58,106,6,10
2,2019,17,11529,1.8,61,106,6,9
2,2019,17,11529,0.92,50,106,6,8
2,2019,17,11529,2.75,67,106,6,7
2,2019,17,11529,1.37,56,106,6,6
2,2019,17,11529,0.2,27,508,6,1
2,2019,17,11529,2.84,74,106,6,4
2,2019,17,11529,1.79,58,106,6,2
2,2019,17,11529,3.01,72,106,6,5
2,2019,17,11530,1.06,50,106,6,10
2,2019,17,11530,3.1,72,106,6,15
2,2019,17,11530,2.1,62,106,6,13
2,2019,17,11530,1.29,53,106,6,11
2,2019,17,11530,3.54,73,106,6,16
2,2019,17,11530,1.95,60,106,6,9
2,2019,17,11530,2.63,68,106,6,8
2,2019,17,11530,2.47,66,106,6,7
2,2019,17,11530,2.14,65,106,6,6
2,2019,17,11530,2.23,65,106,6,5
2,2019,17,11530,2.38,66,106,6,4
2,2019,17,11530,2.56,67,106,6,3
2,2019,17,11530,2.66,69,106,6,2
2,2019,17,11530,4.4,80,106,6,1
2,2019,17,11530,2.52,56,106,6,12
2,2019,17,11530,1.6,54,106,6,24
2,2019,17,11530,0.73,51,106,6,17
2,2019,17,11530,2.25,65,106,6,14
2,2019,17,11530,1.42,57,106,6,21
2,2019,17,11530,1.58,56,106,6,22
2,2019,17,11530,1.97,61,106,6,23
2,2019,17,11530,1.48,58,106,6,25
2,2019,17,11530,2.39,66,106,6,26
2,2019,17,11530,3.24,73,106,6,27
2,2019,17,11530,7.64,NA,508,6,32
2,2019,17,11530,1.1,52,106,6,18
2,2019,17,11530,1.77,61,106,6,19
2,2019,17,11530,1.32,51,106,6,20
2,2019,17,11530,1.55,58,106,6,28
2,2019,17,11530,41.68,NA,106,6,31
2,2019,17,11530,2.77,69,106,6,30
2,2019,17,11530,2.02,62,106,6,29
2,2019,17,11531,0.45,37,508,6,10
2,2019,17,11531,0.56,41,508,6,2
2,2019,17,11531,0.24,32,508,6,6
2,2019,17,11531,5.03,84,508,6,1
2,2019,17,11531,0.38,39,508,6,5
2,2019,17,11531,0.42,48,508,6,7
2,2019,17,11531,0.45,40,508,6,8
2,2019,17,11531,0.31,35,508,6,9
2,2019,17,11531,0.2,30,508,6,3
2,2019,17,11531,0.38,35,508,6,23
2,2019,17,11531,0.49,39,508,6,12
2,2019,17,11531,0.41,36,508,6,13
2,2019,17,11531,0.86,47,508,6,4
2,2019,17,11531,0.25,34,508,6,14
2,2019,17,11531,0.25,34,508,6,11
2,2019,17,11531,0.36,35,508,6,15
2,2019,17,11531,0.18,25,508,6,16
2,2019,17,11531,0.27,32,508,6,19
2,2019,17,11531,0.39,37,508,6,21
2,2019,17,11531,0.34,36,508,6,18
2,2019,17,11531,0.35,36,508,6,22
2,2019,17,11531,0.41,40,508,6,17
2,2019,17,11531,0.26,32,508,6,24
2,2019,17,11531,0.43,40,508,6,25
2,2019,17,11531,0.45,42,508,6,26
2,2019,17,11531,1.73,60,106,6,27
2,2019,17,11531,1.24,55,106,6,28
2,2019,17,11531,1.31,56,106,6,29
2,2019,17,11531,1.02,50,106,6,30
2,2019,17,11531,0.63,45,106,6,31
2,2019,17,11531,0.1,34,109,6,32
2,2019,17,11531,0.36,35,508,6,20
2,2019,17,11532,1.61,57,106,6,2
2,2019,17,11532,0.96,48,508,6,8
2,2019,17,11532,0.22,40,109,6,1
2,2019,17,11532,1.09,51,106,6,3
2,2019,17,11532,1.09,52,106,6,4
2,2019,17,11532,1.14,50,508,6,5
2,2019,17,11532,0.96,50,508,6,7
2,2019,17,11532,0.46,37,508,6,9
2,2019,17,11532,0.46,39,508,6,10
2,2019,17,11532,0.92,48,508,6,11
2,2019,17,11532,0.32,33,508,6,12
2,2019,17,11532,0.53,35,508,6,13
2,2019,17,11532,0.14,27,508,6,6
2,2019,17,11525,0.9,50,106,6,35
2,2019,17,11525,9.36,NA,508,6,25
2,2019,17,11525,0.58,40,508,6,13
2,2019,17,11525,0.42,37,106,6,27
2,2019,17,11525,0.68,44,106,6,37
2,2019,17,11525,0.82,48,106,6,29
2,2019,17,11525,1.1,52,106,6,30
2,2019,17,11525,0.68,45,106,6,31
2,2019,17,11525,0.75,46,106,6,32
2,2019,17,11525,0.78,48,106,6,33
2,2019,17,11525,29.66,NA,106,6,48
2,2019,17,11525,0.87,50,106,6,36
2,2019,17,11525,0.67,45,106,6,43
2,2019,17,11525,0.88,49,106,6,34
2,2019,17,11525,0.21,32,508,6,24
2,2019,17,11525,0.8,44,106,6,39
2,2019,17,11525,1.5,55,508,6,26
2,2019,17,11525,0.4,38,106,6,40
2,2019,17,11525,0.92,52,106,6,41
2,2019,17,11525,0.86,47,106,6,42
2,2019,17,11525,0.79,45,106,6,46
2,2019,17,11525,0.82,46,106,6,45
2,2019,17,11525,0.77,45,106,6,44
2,2019,17,11525,0.71,46,106,6,47
2,2019,17,11525,0.92,50,508,6,3
2,2019,17,11525,0.34,40,508,6,12
2,2019,17,11525,0.72,50,508,6,11
2,2019,17,11525,0.52,41,508,6,10
2,2019,17,11525,0.68,42,508,6,9
2,2019,17,11525,0.27,34,508,6,8
2,2019,17,11525,0.38,36,508,6,7
2,2019,17,11525,0.85,51,508,6,6
2,2019,17,11525,0.75,45,106,6,28
2,2019,17,11525,1.05,52,508,6,4
2,2019,17,11525,0.5,40,508,6,23
2,2019,17,11525,1,50,508,6,2
2,2019,17,11525,0.99,47,508,6,1
2,2019,17,11525,0.3,31,508,6,14
2,2019,17,11525,0.4,39,508,6,21
2,2019,17,11525,0.79,46,106,6,38
2,2019,17,11525,0.89,50,508,6,5
2,2019,17,11525,0.23,31,508,6,22
2,2019,17,11525,0.91,48,508,6,20
2,2019,17,11525,0.49,40,508,6,19
2,2019,17,11525,0.3,33,508,6,18
2,2019,17,11525,0.38,37,508,6,17
2,2019,17,11525,0.47,37,508,6,15
2,2019,17,11525,0.65,41,508,6,16
2,2019,17,1073,10,146,109,6,1
2,2019,17,1073,0.1,42,109,6,7
2,2019,17,1073,0.1,43,109,6,10
2,2019,17,1073,0.1,46,109,6,8
2,2019,17,1073,0.1,42,109,6,9
2,2019,17,1073,5,93,109,6,5
2,2019,17,1073,5,102,109,6,6
2,2019,17,1073,10,126,109,6,2
2,2019,17,1073,10,124,109,6,4
2,2019,17,1073,10,118,109,6,3
2,2019,17,1074,0.1,42,109,6,13
2,2019,17,1074,20,132,106,6,10
2,2019,17,1074,20,130,106,6,5
2,2019,17,1074,15,122,106,6,6
2,2019,17,1074,25,149,106,6,7
2,2019,17,1074,15,128,106,6,8
2,2019,17,1074,5,72,910,6,11
2,2019,17,1074,30,161,106,6,3
2,2019,17,1074,15,128,106,6,9
2,2019,17,1074,15,126,106,6,4
2,2019,17,1074,515,411,307,6,1
2,2019,17,1074,15,126,106,6,2
2,2019,17,1074,5,66,910,6,12
2,2019,17,1075,5,81,910,6,1
2,2019,17,1076,10,86,910,6,60
2,2019,17,1076,5,82,910,6,61
2,2019,17,1076,5,76,910,6,62
2,2019,17,1076,10,81,910,6,63
2,2019,17,1076,20,119,910,6,64
2,2019,17,1076,45,142,910,6,65
2,2019,17,1076,5,76,910,6,37
2,2019,17,1076,5,71,910,6,38
2,2019,17,1076,5,70,910,6,39
2,2019,17,1076,10,85,910,6,40
2,2019,17,1076,10,104,910,6,41
2,2019,17,1076,5,66,910,6,59
2,2019,17,1076,10,87,910,6,43
2,2019,17,1076,5,86,910,6,27
2,2019,17,1076,30,127,910,6,42
2,2019,17,1076,5,85,910,6,28
2,2019,17,1076,10,97,910,6,18
2,2019,17,1076,10,83,910,6,19
2,2019,17,1076,10,92,910,6,20
2,2019,17,1076,10,77,910,6,21
2,2019,17,1076,10,86,910,6,22
2,2019,17,1076,30,128,910,6,23
2,2019,17,1076,30,133,910,6,24
2,2019,17,1076,5,83,910,6,25
2,2019,17,1076,15,91,910,6,29
2,2019,17,1076,20,114,910,6,55
2,2019,17,1076,10,87,910,6,58
2,2019,17,1076,10,96,910,6,44
2,2019,17,1076,15,110,910,6,30
2,2019,17,1076,15,100,910,6,31
2,2019,17,1076,15,101,910,6,32
2,2019,17,1076,5,74,910,6,33
2,2019,17,1076,5,83,910,6,34
2,2019,17,1076,5,93,910,6,35
2,2019,17,1076,15,107,910,6,36
2,2019,17,1076,15,116,910,6,26
2,2019,17,1076,25,126,910,6,45
2,2019,17,1076,35,170,106,6,2
2,2019,17,1076,20,145,106,6,3
2,2019,17,1076,30,151,106,6,4
2,2019,17,1076,30,161,106,6,5
2,2019,17,1076,30,154,106,6,6
2,2019,17,1076,25,147,106,6,7
2,2019,17,1076,1325,684,127,6,1
2,2019,17,1076,15,100,910,6,9
2,2019,17,1076,5,74,910,6,10
2,2019,17,1076,15,105,910,6,11
2,2019,17,1076,15,106,910,6,53
2,2019,17,1076,10,98,910,6,13
2,2019,17,1076,10,96,910,6,14
2,2019,17,1076,5,78,910,6,15
2,2019,17,1076,5,90,910,6,16
2,2019,17,1076,20,106,910,6,17
2,2019,17,1076,35,134,910,6,8
2,2019,17,1076,10,87,910,6,52
2,2019,17,1076,25,120,910,6,46
2,2019,17,1076,45,145,910,6,12
2,2019,17,1076,10,90,910,6,47
2,2019,17,1076,10,86,910,6,48
2,2019,17,1076,10,83,910,6,49
2,2019,17,1076,10,90,910,6,51
2,2019,17,1076,5,68,910,6,54
2,2019,17,1076,5,72,910,6,56
2,2019,17,1076,10,96,910,6,57
2,2019,17,1076,10,99,910,6,50
2,2019,17,1078,5,90,109,6,6
2,2019,17,1078,10,137,109,6,1
2,2019,17,1078,5,92,109,6,7
2,2019,17,1078,10,117,109,6,3
2,2019,17,1078,20,152,109,6,2
2,2019,17,1078,15,143,109,6,4
2,2019,17,1078,15,140,109,6,5
2,2019,17,1079,375,NA,910,6,1
2,2019,17,1079,0.1,48,109,6,2
2,2019,17,1080,3495,NA,910,6,1
2,2019,17,1081,1890,NA,910,6,1
2,2019,17,1082,NA,NA,910,6,1
2,2019,17,1083,5,83,108,6,38
2,2019,17,1083,10,97,108,6,39
2,2019,17,1083,10,102,108,6,40
2,2019,17,1083,10,103,108,6,42
2,2019,17,1083,5,91,108,6,43
2,2019,17,1083,15,117,108,6,41
2,2019,17,1083,5,86,108,6,37
2,2019,17,1083,5,87,108,6,36
2,2019,17,1083,10,101,108,6,34
2,2019,17,1083,5,90,108,6,32
2,2019,17,1083,5,97,108,6,33
2,2019,17,1083,5,91,108,6,44
2,2019,17,1083,5,91,109,6,56
2,2019,17,1083,10,95,108,6,35
2,2019,17,1083,5,79,108,6,45
2,2019,17,1083,5,86,108,6,46
2,2019,17,1083,10,97,108,6,47
2,2019,17,1083,5,86,108,6,48
2,2019,17,1083,5,91,108,6,49
2,2019,17,1083,10,106,108,6,50
2,2019,17,1083,10,102,108,6,51
2,2019,17,1083,0.5,38,109,6,52
2,2019,17,1083,1,46,109,6,53
2,2019,17,1083,1,49,109,6,55
2,2019,17,1083,2910,NA,108,6,57
2,2019,17,1083,0.5,47,109,6,58
2,2019,17,1083,10,95,108,6,23
2,2019,17,1083,5,91,108,6,31
2,2019,17,1083,1,47,109,6,54
2,2019,17,1083,5,94,108,6,15
2,2019,17,1083,10,98,108,6,25
2,2019,17,1083,15,103,108,6,6
2,2019,17,1083,10,96,108,6,7
2,2019,17,1083,10,96,108,6,8
2,2019,17,1083,10,95,108,6,9
2,2019,17,1083,10,92,108,6,10
2,2019,17,1083,15,103,108,6,11
2,2019,17,1083,10,96,108,6,12
2,2019,17,1083,10,97,108,6,14
2,2019,17,1083,10,96,108,6,16
2,2019,17,1083,10,104,108,6,17
2,2019,17,1083,5,87,108,6,18
2,2019,17,1083,5,87,108,6,19
2,2019,17,1083,10,101,108,6,26
2,2019,17,1083,5,83,108,6,29
2,2019,17,1083,15,99,108,6,13
2,2019,17,1083,5,86,108,6,27
2,2019,17,1083,10,98,108,6,20
2,2019,17,1083,5,87,108,6,5
2,2019,17,1083,5,87,108,6,24
2,2019,17,1083,15,114,108,6,22
2,2019,17,1083,10,102,108,6,4
2,2019,17,1083,5,87,108,6,3
2,2019,17,1083,15,106,108,6,2
2,2019,17,1083,1490,482,405,6,1
2,2019,17,1083,5,88,108,6,21
2,2019,17,1083,10,106,108,6,28
2,2019,17,1083,5,90,108,6,30
2,2019,17,1084,10,93,910,6,5
2,2019,17,1084,1,48,109,6,15
2,2019,17,1084,1,51,109,6,14
2,2019,17,1084,5,62,910,6,13
2,2019,17,1084,3,47,910,6,12
2,2019,17,1084,5,61,910,6,10
2,2019,17,1084,5,66,910,6,8
2,2019,17,1084,5,62,910,6,6
2,2019,17,1084,15,105,910,6,4
2,2019,17,1084,5,60,910,6,11
2,2019,17,1084,0.5,38,109,6,16
2,2019,17,1084,5,72,910,6,7
2,2019,17,1084,5,51,910,6,9
2,2019,17,1084,1465,543,405,6,1
2,2019,17,1084,10,88,910,6,2
2,2019,17,1084,10,89,910,6,3
2,2019,17,1085,25,121,910,6,3
2,2019,17,1085,10,101,910,6,2
2,2019,17,1085,3180,620,134,6,1
2,2019,17,1085,10,85,910,6,4
2,2019,17,1085,5,72,910,6,5
2,2019,17,1086,5,102,109,6,75
2,2019,17,1086,15,114,109,6,74
2,2019,17,1086,20,148,109,6,73
2,2019,17,1086,15,143,109,6,72
2,2019,17,1086,10,114,109,6,76
2,2019,17,1086,15,143,109,6,70
2,2019,17,1086,5,107,109,6,81
2,2019,17,1086,10,107,109,6,69
2,2019,17,1086,10,125,109,6,68
2,2019,17,1086,15,123,109,6,67
2,2019,17,1086,15,142,109,6,71
2,2019,17,1086,10,110,109,6,77
2,2019,17,1086,15,146,109,6,78
2,2019,17,1086,20,150,109,6,66
2,2019,17,1086,10,126,109,6,80
2,2019,17,1086,5,75,910,6,20
2,2019,17,1086,20,146,109,6,82
2,2019,17,1086,10,126,109,6,83
2,2019,17,1086,5,90,109,6,84
2,2019,17,1086,15,146,109,6,85
2,2019,17,1086,20,159,109,6,86
2,2019,17,1086,20,148,109,6,87
2,2019,17,1086,15,103,910,6,23
2,2019,17,1086,10,131,109,6,88
2,2019,17,1086,10,134,109,6,79
2,2019,17,1086,20,114,910,6,12
2,2019,17,1086,660,390,134,6,1
2,2019,17,1086,230,287,801,6,2
2,2019,17,1086,50,148,910,6,3
2,2019,17,1086,10,116,204,6,92
2,2019,17,1086,55,151,910,6,4
2,2019,17,1086,5,58,910,6,5
2,2019,17,1086,5,75,910,6,6
2,2019,17,1086,10,94,910,6,7
2,2019,17,1086,30,126,910,6,8
2,2019,17,1086,60,167,910,6,9
2,2019,17,1086,15,99,910,6,22
2,2019,17,1086,15,95,910,6,11
2,2019,17,1086,15,136,109,6,65
2,2019,17,1086,30,122,910,6,13
2,2019,17,1086,35,130,910,6,14
2,2019,17,1086,40,132,910,6,15
2,2019,17,1086,30,126,910,6,16
2,2019,17,1086,35,137,910,6,17
2,2019,17,1086,30,123,910,6,18
2,2019,17,1086,30,125,910,6,19
2,2019,17,1086,10,98,910,6,21
2,2019,17,1086,20,152,109,6,63
2,2019,17,1086,10,117,109,6,64
2,2019,17,1086,55,152,910,6,10
2,2019,17,1086,20,145,109,6,55
2,2019,17,1086,25,166,109,6,46
2,2019,17,1086,20,153,109,6,47
2,2019,17,1086,20,160,109,6,48
2,2019,17,1086,10,127,109,6,49
2,2019,17,1086,20,163,109,6,50
2,2019,17,1086,15,137,109,6,51
2,2019,17,1086,20,156,109,6,52
2,2019,17,1086,10,114,109,6,89
2,2019,17,1086,20,154,109,6,54
2,2019,17,1086,10,123,109,6,43
2,2019,17,1086,20,160,109,6,56
2,2019,17,1086,10,124,109,6,57
2,2019,17,1086,25,157,109,6,58
2,2019,17,1086,20,152,109,6,59
2,2019,17,1086,15,143,109,6,60
2,2019,17,1086,20,158,109,6,61
2,2019,17,1086,5,106,109,6,90
2,2019,17,1086,5,117,109,6,62
2,2019,17,1086,20,144,109,6,53
2,2019,17,1086,30,136,910,6,35
2,2019,17,1086,5,76,910,6,25
2,2019,17,1086,20,110,910,6,26
2,2019,17,1086,35,139,910,6,27
2,2019,17,1086,35,134,910,6,28
2,2019,17,1086,65,162,910,6,29
2,2019,17,1086,20,110,910,6,30
2,2019,17,1086,5,83,910,6,31
2,2019,17,1086,20,112,910,6,32
2,2019,17,1086,20,153,109,6,45
2,2019,17,1086,30,126,910,6,34
2,2019,17,1086,25,161,109,6,44
2,2019,17,1086,35,125,910,6,36
2,2019,17,1086,35,140,910,6,37
2,2019,17,1086,25,122,910,6,38
2,2019,17,1086,30,129,910,6,39
2,2019,17,1086,60,152,910,6,40
2,2019,17,1086,4710,NA,910,6,41
2,2019,17,1086,10,122,109,6,42
2,2019,17,1086,10,82,910,6,24
2,2019,17,1086,35,135,910,6,33
2,2019,17,1086,15,127,204,6,94
2,2019,17,1086,5120,NA,109,6,97
2,2019,17,1086,10,121,204,6,95
2,2019,17,1086,10,119,204,6,93
2,2019,17,1086,25,158,109,6,91
2,2019,17,1086,1005,NA,910,6,96
2,2019,17,1087,1.95,NA,910,6,1
2,2019,17,1088,0.5,45,109,6,5
2,2019,17,1088,995,455,405,6,4
2,2019,17,1088,0.5,50,109,6,6
2,2019,17,1088,1015,444,405,6,3
2,2019,17,1088,5890,750,402,6,2
2,2019,17,1088,4550,655,402,6,1
2,2019,17,1089,1,55,109,6,3
2,2019,17,1089,5045,720,402,6,1
2,2019,17,1089,70,NA,910,6,2
2,2019,17,1090,8590,800,402,6,1
2,2019,17,1090,750,410,134,6,3
2,2019,17,1090,330,307,134,6,8
2,2019,17,1090,675,380,134,6,4
2,2019,17,1090,560,393,134,6,5
2,2019,17,1090,755,398,134,6,6
2,2019,17,1090,735,396,134,6,7
2,2019,17,1090,8470,790,402,6,2
2,2019,17,1090,250,NA,910,6,9
2,2019,17,11538,1.09,51,508,6,17
2,2019,17,11538,0.35,35,508,6,27
2,2019,17,11538,1.01,50,508,6,26
2,2019,17,11538,1.2,52,508,6,25
2,2019,17,11538,0.91,51,508,6,24
2,2019,17,11538,1.06,52,508,6,23
2,2019,17,11538,1.07,51,508,6,22
2,2019,17,11538,1.18,50,508,6,21
2,2019,17,11538,0.95,48,508,6,20
2,2019,17,11538,0.41,37,508,6,15
2,2019,17,11538,1.28,55,508,6,18
2,2019,17,11538,1.25,52,508,6,16
2,2019,17,11538,0.58,43,106,6,33
2,2019,17,11538,0.4,37,508,6,14
2,2019,17,11538,1.11,50,508,6,28
2,2019,17,11538,0.2,33,508,6,13
2,2019,17,11538,1.11,52,508,6,19
2,2019,17,11538,11.71,114,508,6,3
2,2019,17,11538,1.05,53,508,6,29
2,2019,17,11538,1.14,50,508,6,12
2,2019,17,11538,39.1,NA,508,6,31
2,2019,17,11538,9.86,100,508,6,2
2,2019,17,11538,9.78,107,508,6,4
2,2019,17,11538,8.88,101,508,6,5
2,2019,17,11538,6.33,91,508,6,6
2,2019,17,11538,6.42,93,508,6,8
2,2019,17,11538,5.61,90,508,6,9
2,2019,17,11538,1.1,51,508,6,30
2,2019,17,11538,1.14,53,508,6,10
2,2019,17,11538,7.21,92,508,6,11
2,2019,17,11538,0.56,40,106,6,32
2,2019,17,11538,5.56,88,508,6,7
2,2019,17,11538,16.75,124,508,6,1
2,2019,17,11539,3.4,70,108,6,18
2,2019,17,11539,0.85,47,508,6,12
2,2019,17,11539,0.88,47,508,6,13
2,2019,17,11539,0.9,50,508,6,14
2,2019,17,11539,0.83,45,508,6,15
2,2019,17,11539,1.38,55,108,6,17
2,2019,17,11539,1.13,50,508,6,9
2,2019,17,11539,1.95,49,605,6,16
2,2019,17,11539,0.83,46,508,6,8
2,2019,17,11539,1.14,52,508,6,7
2,2019,17,11539,0.64,45,508,6,6
2,2019,17,11539,1.07,51,508,6,5
2,2019,17,11539,1.07,50,508,6,4
2,2019,17,11539,9.88,105,508,6,3
2,2019,17,11539,5.3,84,508,6,2
2,2019,17,11539,1.03,50,508,6,1
2,2019,17,11539,0.97,48,508,6,10
2,2019,17,11539,1.06,51,508,6,11
2,2019,17,11540,5.63,88,508,6,3
2,2019,17,11540,6.78,86,108,6,12
2,2019,17,11540,6.85,96,108,6,11
2,2019,17,11540,11.12,105,108,6,10
2,2019,17,11540,12.46,108,108,6,9
2,2019,17,11540,13.56,110,108,6,8
2,2019,17,11540,0.96,51,508,6,7
2,2019,17,11540,0.91,48,508,6,6
2,2019,17,11540,0.95,48,508,6,4
2,2019,17,11540,12.06,115,508,6,2
2,2019,17,11540,13.06,110,508,6,1
2,2019,17,11540,0.99,48,508,6,5
2,2019,17,11541,4.14,77,108,6,13
2,2019,17,11541,14.36,117,508,6,1
2,2019,17,11541,13.34,114,508,6,2
2,2019,17,11541,14.42,116,508,6,3
2,2019,17,11541,12.69,111,508,6,4
2,2019,17,11541,12.51,116,508,6,5
2,2019,17,11541,11.27,108,508,6,6
2,2019,17,11541,12.15,113,508,6,7
2,2019,17,11541,13.88,119,508,6,8
2,2019,17,11541,5.57,87,508,6,9
2,2019,17,11541,7.41,96,508,6,10
2,2019,17,11541,10.41,97,108,6,12
2,2019,17,11541,124.74,NA,508,6,11
2,2019,17,11542,3.92,77,508,6,6
2,2019,17,11542,3.71,73,108,6,1
2,2019,17,11542,16.78,113,108,6,2
2,2019,17,11542,15.58,117,508,6,3
2,2019,17,11542,13.06,115,508,6,5
2,2019,17,11542,1.15,51,508,6,7
2,2019,17,11542,1.18,51,508,6,8
2,2019,17,11542,1.12,50,508,6,9
2,2019,17,11542,1.05,49,508,6,10
2,2019,17,11542,0.98,47,508,6,11
2,2019,17,11542,0.82,48,508,6,12
2,2019,17,11542,7.87,NA,508,6,13
2,2019,17,11542,0.17,25,910,6,14
2,2019,17,11542,3.9,77,131,6,15
2,2019,17,11542,11.97,111,508,6,4
2,2019,17,11543,0.89,47,508,6,25
2,2019,17,11543,1.14,51,508,6,35
2,2019,17,11543,15.25,115,108,6,1
2,2019,17,11543,1.22,53,508,6,26
2,2019,17,11543,1.08,48,508,6,23
2,2019,17,11543,1.24,54,508,6,28
2,2019,17,11543,0.82,49,508,6,29
2,2019,17,11543,1.01,51,508,6,30
2,2019,17,11543,0.41,36,508,6,31
2,2019,17,11543,1.02,52,508,6,32
2,2019,17,11543,0.77,44,508,6,22
2,2019,17,11543,1.14,54,508,6,34
2,2019,17,11543,0.82,49,508,6,24
2,2019,17,11543,1.06,49,508,6,36
2,2019,17,11543,1.11,51,508,6,37
2,2019,17,11543,1.11,48,508,6,38
2,2019,17,11543,1.31,51,508,6,39
2,2019,17,11543,0.87,46,508,6,40
2,2019,17,11543,0.79,46,508,6,41
2,2019,17,11543,0.32,32,508,6,42
2,2019,17,11543,31.86,NA,508,6,43
2,2019,17,11543,0.7,45,508,6,33
2,2019,17,11543,3.97,76,108,6,9
2,2019,17,11543,26.66,132,108,6,2
2,2019,17,11543,12.35,107,108,6,3
2,2019,17,11543,4.23,77,108,6,4
2,2019,17,11543,2.48,67,108,6,5
2,2019,17,11543,2.1,60,108,6,6
2,2019,17,11543,1.01,46,508,6,27
2,2019,17,11543,3.55,71,108,6,8
2,2019,17,11543,0.99,50,508,6,21
2,2019,17,11543,1.82,57,108,6,10
2,2019,17,11543,3.9,76,508,6,18
2,2019,17,11543,4.85,79,108,6,7
2,2019,17,11543,0.9,50,508,6,19
2,2019,17,11543,3.04,66,108,6,11
2,2019,17,11543,1.01,50,508,6,17
2,2019,17,11543,1.24,52,508,6,16
2,2019,17,11543,5.62,90,508,6,15
2,2019,17,11543,12.31,112,508,6,14
2,2019,17,11543,4.19,77,108,6,13
2,2019,17,11543,1.92,57,108,6,12
2,2019,17,11543,0.26,30,508,6,20
2,2019,17,11544,246.6,NA,508,6,1
2,2019,17,11544,50.3,NA,508,6,2
2,2019,17,11544,6.38,89,108,6,3
2,2019,17,11544,2.38,64,108,6,4
2,2019,17,11544,3.71,74,108,6,5
2,2019,17,1072,0.01,21,106,6,1
2,2019,17,1068,24.15,145,106,6,40
2,2019,17,1068,31.02,157,106,6,28
2,2019,17,1068,32.8,167,106,6,29
2,2019,17,1068,21.02,137,106,6,30
2,2019,17,1068,17.03,132,106,6,31
2,2019,17,1068,20.7,134,106,6,32
2,2019,17,1068,17.94,136,106,6,33
2,2019,17,1068,31.37,167,106,6,34
2,2019,17,1068,19.43,136,106,6,35
2,2019,17,1068,15.45,124,106,6,36
2,2019,17,1068,16.44,127,106,6,37
2,2019,17,1068,17.48,132,106,6,39
2,2019,17,1068,43.68,181,106,6,25
2,2019,17,1068,16.24,132,106,6,41
2,2019,17,1068,18.97,131,106,6,42
2,2019,17,1068,23.57,146,106,6,43
2,2019,17,1068,28.72,153,106,6,44
2,2019,17,1068,22.45,148,106,6,45
2,2019,17,1068,25.48,152,106,6,46
2,2019,17,1068,27.15,152,106,6,47
2,2019,17,1068,27.69,150,106,6,48
2,2019,17,1068,17.35,129,106,6,38
2,2019,17,1068,41.88,174,106,6,13
2,2019,17,1068,42.68,174,106,6,1
2,2019,17,1068,24.91,152,106,6,2
2,2019,17,1068,23.64,144,106,6,3
2,2019,17,1068,38.73,171,106,6,4
2,2019,17,1068,24.93,145,106,6,5
2,2019,17,1068,34,165,106,6,6
2,2019,17,1068,25.54,164,106,6,7
2,2019,17,1068,36.1,177,106,6,8
2,2019,17,1068,24.84,146,106,6,9
2,2019,17,1068,19.21,135,106,6,10
2,2019,17,1068,23.02,141,106,6,27
2,2019,17,1068,40.47,170,106,6,12
2,2019,17,1068,26.98,147,106,6,26
2,2019,17,1068,30.63,164,106,6,14
2,2019,17,1068,30.32,163,106,6,15
2,2019,17,1068,24.08,145,106,6,16
2,2019,17,1068,22.09,143,106,6,17
2,2019,17,1068,32.85,172,106,6,18
2,2019,17,1068,30.27,157,106,6,19
2,2019,17,1068,27.84,156,106,6,20
2,2019,17,1068,21.13,143,106,6,22
2,2019,17,1068,39.65,171,106,6,24
2,2019,17,1068,44.49,174,106,6,23
2,2019,17,1068,18.12,130,106,6,11
2,2019,17,1068,33.29,162,106,6,21
2,2019,17,1063,27.82,154,106,6,3
2,2019,17,1063,32.94,152,106,6,11
2,2019,17,1063,32.69,156,106,6,10
2,2019,17,1063,26.63,142,106,6,9
2,2019,17,1063,49.47,173,106,6,8
2,2019,17,1063,44.01,176,106,6,7
2,2019,17,1063,40.03,172,106,6,1
2,2019,17,1063,30.36,152,106,6,5
2,2019,17,1063,32.21,164,106,6,4
2,2019,17,1063,33.87,163,106,6,2
2,2019,17,1063,37.37,160,106,6,6
2,2019,17,1066,21.05,147,106,6,2
2,2019,17,1066,36.61,162,106,6,1
2,2019,17,1066,22.66,140,106,6,3
2,2019,17,1070,28.91,152,106,6,2
2,2019,17,1070,0.08,24,106,6,25
2,2019,17,1070,0.11,26,106,6,24
2,2019,17,1070,0.1,25,106,6,23
2,2019,17,1070,16.51,123,106,6,16
2,2019,17,1070,0.1,25,106,6,22
2,2019,17,1070,0.12,24,106,6,21
2,2019,17,1070,0.16,25,106,6,20
2,2019,17,1070,0.18,28,106,6,19
2,2019,17,1070,0.4,36,106,6,18
2,2019,17,1070,26.01,146,106,6,1
2,2019,17,1070,36.79,167,106,6,3
2,2019,17,1070,31.32,154,106,6,9
2,2019,17,1070,18.8,132,106,6,15
2,2019,17,1070,18.08,131,106,6,14
2,2019,17,1070,18.71,130,106,6,13
2,2019,17,1070,22.65,142,106,6,12
2,2019,17,1070,12.84,114,106,6,17
2,2019,17,1070,28.04,152,106,6,10
2,2019,17,1070,30.88,153,106,6,8
2,2019,17,1070,28.53,152,106,6,7
2,2019,17,1070,28.44,154,106,6,6
2,2019,17,1070,27.69,149,106,6,5
2,2019,17,1070,24.14,142,106,6,4
2,2019,17,1070,20.72,131,106,6,11
2,2019,17,1056,31.96,166,204,6,36
2,2019,17,1056,31.19,169,204,6,11
2,2019,17,1056,27.09,157,204,6,22
2,2019,17,1056,22.4,151,204,6,21
2,2019,17,1056,19.62,147,204,6,20
2,2019,17,1056,19.16,144,204,6,19
2,2019,17,1056,30.62,164,204,6,18
2,2019,17,1056,28.6,161,204,6,17
2,2019,17,1056,34.45,178,204,6,16
2,2019,17,1056,26.91,164,204,6,15
2,2019,17,1056,27.13,163,204,6,14
2,2019,17,1056,31.43,166,204,6,38
2,2019,17,1056,30.78,160,204,6,12
2,2019,17,1056,25.97,154,204,6,25
2,2019,17,1056,32.53,166,204,6,10
2,2019,17,1056,32,171,204,6,9
2,2019,17,1056,25.57,158,204,6,8
2,2019,17,1056,29.23,164,204,6,7
2,2019,17,1056,24.87,154,204,6,6
2,2019,17,1056,45.96,184,204,6,5
2,2019,17,1056,31.66,161,204,6,4
2,2019,17,1056,32.5,171,204,6,3
2,2019,17,1056,40.72,181,204,6,2
2,2019,17,1056,34.02,163,106,6,1
2,2019,17,1056,26.74,161,204,6,13
2,2019,17,1056,27.85,162,204,6,35
2,2019,17,1056,33.68,168,204,6,50
2,2019,17,1056,27.76,162,204,6,49
2,2019,17,1056,31.79,166,204,6,48
2,2019,17,1056,27.53,160,204,6,47
2,2019,17,1056,32.66,161,204,6,46
2,2019,17,1056,34.32,166,204,6,45
2,2019,17,1056,34.1,167,204,6,44
2,2019,17,1056,29.86,160,204,6,43
2,2019,17,1056,29.37,166,204,6,41
2,2019,17,1056,27.98,161,204,6,39
2,2019,17,1056,37.08,179,204,6,23
2,2019,17,1056,32.04,163,204,6,42
2,2019,17,1056,34.85,170,204,6,24
2,2019,17,1056,27.71,167,204,6,34
2,2019,17,1056,34.1,171,204,6,33
2,2019,17,1056,25.09,156,204,6,32
2,2019,17,1056,35.27,174,204,6,31
2,2019,17,1056,36.57,177,204,6,30
2,2019,17,1056,24.9,154,204,6,29
2,2019,17,1056,23.05,151,204,6,28
2,2019,17,1056,36.81,177,204,6,27
2,2019,17,1056,49.43,189,204,6,26
2,2019,17,1056,29.06,162,204,6,51
2,2019,17,1056,34.51,169,204,6,37
2,2019,17,1056,29.38,168,204,6,40
2,2019,17,1057,30.97,161,106,6,4
2,2019,17,1057,28.92,154,106,6,7
2,2019,17,1057,31.33,161,106,6,5
2,2019,17,1057,30.09,154,106,6,3
2,2019,17,1057,21.57,142,106,6,2
2,2019,17,1057,26.61,142,106,6,1
2,2019,17,1057,22.52,134,106,6,6
2,2019,17,1053,28,147,106,6,92
2,2019,17,1053,22.41,141,106,6,79
2,2019,17,1053,27.27,156,106,6,80
2,2019,17,1053,26.04,155,106,6,113
2,2019,17,1053,25.91,154,106,6,81
2,2019,17,1053,29.41,158,106,6,82
2,2019,17,1053,27.09,156,106,6,83
2,2019,17,1053,22.45,140,106,6,84
2,2019,17,1053,25.91,154,106,6,85
2,2019,17,1053,29.15,156,106,6,86
2,2019,17,1053,27.86,161,106,6,87
2,2019,17,1053,21.75,141,106,6,88
2,2019,17,1053,24.03,149,106,6,89
2,2019,17,1053,34.15,177,106,6,69
2,2019,17,1053,21.92,147,106,6,91
2,2019,17,1053,27.65,150,106,6,76
2,2019,17,1053,26.2,148,106,6,93
2,2019,17,1053,25.6,151,106,6,94
2,2019,17,1053,22.12,145,106,6,95
2,2019,17,1053,21.04,141,106,6,96
2,2019,17,1053,28.34,152,106,6,97
2,2019,17,1053,22.7,145,106,6,98
2,2019,17,1053,26.11,146,106,6,99
2,2019,17,1053,25.89,146,106,6,100
2,2019,17,1053,24.75,145,106,6,101
2,2019,17,1053,30.49,160,106,6,102
2,2019,17,1053,26.8,152,106,6,103
2,2019,17,1053,24.63,145,106,6,90
2,2019,17,1053,29.71,167,106,6,54
2,2019,17,1053,22.01,134,106,6,68
2,2019,17,1053,22.46,139,106,6,67
2,2019,17,1053,19.73,128,106,6,66
2,2019,17,1053,14.36,121,106,6,65
2,2019,17,1053,19.96,134,106,6,64
2,2019,17,1053,20.5,133,106,6,63
2,2019,17,1053,13.31,117,106,6,62
2,2019,17,1053,18.61,131,106,6,61
2,2019,17,1053,22.48,133,106,6,60
2,2019,17,1053,20.34,136,106,6,59
2,2019,17,1053,21.94,137,106,6,58
2,2019,17,1053,19.36,132,106,6,57
2,2019,17,1053,20.26,136,106,6,78
2,2019,17,1053,20.7,135,106,6,55
2,2019,17,1053,26.36,160,106,6,77
2,2019,17,1053,33.26,171,106,6,53
2,2019,17,1053,33.07,168,106,6,52
2,2019,17,1053,16.33,127,106,6,51
2,2019,17,1053,30.82,166,106,6,50
2,2019,17,1053,36.55,168,106,6,49
2,2019,17,1053,34.85,169,106,6,48
2,2019,17,1053,31.87,166,106,6,70
2,2019,17,1053,32.01,166,106,6,71
2,2019,17,1053,22.55,146,106,6,72
2,2019,17,1053,29.03,156,106,6,73
2,2019,17,1053,26.58,150,106,6,74
2,2019,17,1053,33.03,160,106,6,75
2,2019,17,1053,22.06,138,106,6,56
2,2019,17,1053,29.47,156,106,6,13
2,2019,17,1053,24.79,145,106,6,26
2,2019,17,1053,29.61,171,106,6,25
2,2019,17,1053,21.57,135,106,6,24
2,2019,17,1053,27.49,148,106,6,23
2,2019,17,1053,16,126,106,6,22
2,2019,17,1053,24.02,149,106,6,21
2,2019,17,1053,26.04,147,106,6,20
2,2019,17,1053,21.15,141,106,6,19
2,2019,17,1053,26.74,148,106,6,18
2,2019,17,1053,30.63,158,106,6,17
2,2019,17,1053,30.82,159,106,6,16
2,2019,17,1053,24.46,142,106,6,28
2,2019,17,1053,26.33,153,106,6,14
2,2019,17,1053,31.98,156,106,6,29
2,2019,17,1053,30.61,162,106,6,12
2,2019,17,1053,30.46,166,106,6,11
2,2019,17,1053,26.73,152,106,6,10
2,2019,17,1053,28.57,157,106,6,9
2,2019,17,1053,22.8,140,106,6,8
2,2019,17,1053,22.77,144,106,6,7
2,2019,17,1053,22.6,144,106,6,6
2,2019,17,1053,19.41,136,106,6,5
2,2019,17,1053,26.63,147,106,6,4
2,2019,17,1053,30.41,155,106,6,3
2,2019,17,1053,31.07,163,106,6,2
2,2019,17,1053,33.96,168,106,6,1
2,2019,17,1053,29.7,165,106,6,114
2,2019,17,1053,28.89,157,106,6,15
2,2019,17,1053,31.61,161,106,6,43
2,2019,17,1053,17.06,125,106,6,118
2,2019,17,1053,17.74,128,106,6,117
2,2019,17,1053,18.13,127,106,6,116
2,2019,17,1053,11.43,111,106,6,115
2,2019,17,1053,24.03,142,106,6,47
2,2019,17,1053,25.81,150,106,6,46
2,2019,17,1053,15.47,121,106,6,27
2,2019,17,1053,27.12,151,106,6,44
2,2019,17,1053,28.17,158,106,6,36
2,2019,17,1053,29.68,161,106,6,30
2,2019,17,1053,28.33,156,106,6,31
2,2019,17,1053,33.39,161,106,6,32
2,2019,17,1053,28.01,156,106,6,33
2,2019,17,1053,27.31,159,106,6,45
2,2019,17,1053,32.99,160,106,6,35
2,2019,17,1053,31.54,162,106,6,37
2,2019,17,1053,28.33,162,106,6,38
2,2019,17,1053,30.46,163,106,6,39
2,2019,17,1053,22.61,142,106,6,40
2,2019,17,1053,27.5,153,106,6,41
2,2019,17,1053,29.6,153,106,6,42
2,2019,17,1053,30.82,160,106,6,34
2,2019,17,1061,29.91,147,106,6,8
2,2019,17,1061,26.73,148,106,6,19
2,2019,17,1061,28.27,153,106,6,17
2,2019,17,1061,42.7,167,106,6,16
2,2019,17,1061,33.43,156,106,6,15
2,2019,17,1061,32.57,166,106,6,14
2,2019,17,1061,24.97,141,106,6,13
2,2019,17,1061,34.79,157,106,6,12
2,2019,17,1061,23.14,148,106,6,11
2,2019,17,1061,25.64,143,106,6,9
2,2019,17,1061,36.58,166,106,6,20
2,2019,17,1061,37.45,165,106,6,7
2,2019,17,1061,48.17,191,106,6,6
2,2019,17,1061,33.56,156,106,6,5
2,2019,17,1061,32.76,160,106,6,4
2,2019,17,1061,36.08,168,106,6,3
2,2019,17,1061,32.9,170,106,6,2
2,2019,17,1061,33.97,171,106,6,1
2,2019,17,1061,18.31,132,106,6,10
2,2019,17,1061,13.34,121,106,6,33
2,2019,17,1061,29.92,152,106,6,18
2,2019,17,1061,17.06,127,106,6,34
2,2019,17,1061,22.81,137,106,6,21
2,2019,17,1061,12.89,117,106,6,32
2,2019,17,1061,15.17,126,106,6,31
2,2019,17,1061,18.25,138,106,6,30
2,2019,17,1061,18.88,137,106,6,29
2,2019,17,1061,19.33,136,106,6,27
2,2019,17,1061,20.76,138,106,6,26
2,2019,17,1061,21.12,140,106,6,25
2,2019,17,1061,19.72,134,106,6,24
2,2019,17,1061,25.23,144,106,6,23
2,2019,17,1061,30.13,152,106,6,22
2,2019,17,1061,18,131,106,6,28
2,2019,17,1061,16.42,126,106,6,35
2,2019,17,1059,29.26,164,204,6,44
2,2019,17,1059,35.19,165,204,6,43
2,2019,17,1059,36.32,167,204,6,42
2,2019,17,1059,28.47,154,204,6,50
2,2019,17,1059,29.47,156,204,6,41
2,2019,17,1059,32.33,166,204,6,45
2,2019,17,1059,36.84,170,204,6,40
2,2019,17,1059,33.19,165,204,6,46
2,2019,17,1059,27.23,157,204,6,47
2,2019,17,1059,29.65,161,204,6,48
2,2019,17,1059,27.42,156,204,6,49
2,2019,17,1059,36.78,172,204,6,39
2,2019,17,1059,39.13,178,204,6,34
2,2019,17,1059,40.57,181,204,6,12
2,2019,17,1059,37.55,177,204,6,11
2,2019,17,1059,22.18,143,204,6,10
2,2019,17,1059,33.44,169,204,6,9
2,2019,17,1059,33.86,166,204,6,8
2,2019,17,1059,35.57,166,204,6,7
2,2019,17,1059,26.95,153,204,6,26
2,2019,17,1059,34.77,165,204,6,14
2,2019,17,1059,28.47,158,204,6,15
2,2019,17,1059,28.33,159,204,6,16
2,2019,17,1059,28.07,159,204,6,17
2,2019,17,1059,42.62,189,204,6,18
2,2019,17,1059,32.42,161,204,6,19
2,2019,17,1059,36.32,169,204,6,20
2,2019,17,1059,52.22,195,204,6,21
2,2019,17,1059,28.39,158,204,6,22
2,2019,17,1059,27.2,155,204,6,23
2,2019,17,1059,36.52,171,204,6,36
2,2019,17,1059,29.88,156,204,6,25
2,2019,17,1059,23.65,148,204,6,38
2,2019,17,1059,22.89,140,204,6,27
2,2019,17,1059,74.78,215,204,6,28
2,2019,17,1059,35.94,171,204,6,29
2,2019,17,1059,39,175,204,6,30
2,2019,17,1059,39.29,171,204,6,31
2,2019,17,1059,20.04,142,204,6,32
2,2019,17,1059,39.76,171,204,6,33
2,2019,17,1059,32.78,166,204,6,1
2,2019,17,1059,47.47,178,204,6,35
2,2019,17,1059,26.98,157,204,6,6
2,2019,17,1059,48.68,189,204,6,37
2,2019,17,1059,25.77,152,204,6,24
2,2019,17,1059,28.37,166,204,6,4
2,2019,17,1059,36.01,172,204,6,13
2,2019,17,1059,30.36,167,204,6,2
2,2019,17,1059,30.73,165,204,6,3
2,2019,17,1059,32.37,158,204,6,5
2,2019,17,1091,365,366,307,6,9
2,2019,17,1091,150,236,801,6,8
2,2019,17,1091,85,209,801,6,7
2,2019,17,1091,1630,NA,910,6,6
2,2019,17,1091,4600,NA,910,6,5
2,2019,17,1091,6005,NA,910,6,3
2,2019,17,1091,35,166,106,6,17
2,2019,17,1091,695,432,119,6,2
2,2019,17,1091,1365,505,405,6,1
2,2019,17,1091,9750,NA,910,6,4
2,2019,17,1091,30,154,106,6,20
2,2019,17,1091,40,170,106,6,15
2,2019,17,1091,45,183,106,6,21
2,2019,17,1091,460,386,307,6,10
2,2019,17,1091,35,169,106,6,19
2,2019,17,1091,35,167,106,6,18
2,2019,17,1091,30,156,106,6,16
2,2019,17,1091,40,175,106,6,14
2,2019,17,1091,25,145,106,6,13
2,2019,17,1091,40,180,106,6,12
2,2019,17,1091,15,127,106,6,11
2,2019,17,1092,10,130,109,6,1
2,2019,17,1092,5,75,910,6,2
2,2019,17,1093,45,167,801,6,6
2,2019,17,1093,5,78,910,6,17
2,2019,17,1093,20,127,801,6,8
2,2019,17,1093,30,124,910,6,9
2,2019,17,1093,20,117,910,6,10
2,2019,17,1093,10,65,910,6,11
2,2019,17,1093,20,113,910,6,12
2,2019,17,1093,10,98,910,6,13
2,2019,17,1093,1820,572,803,6,4
2,2019,17,1093,60,184,801,6,5
2,2019,17,1093,1030,459,405,6,3
2,2019,17,1093,1205,498,405,6,2
2,2019,17,1093,1505,504,134,6,1
2,2019,17,1093,55,177,801,6,7
2,2019,17,1093,5,80,910,6,15
2,2019,17,1093,5,83,910,6,16
2,2019,17,1093,5,65,910,6,18
2,2019,17,1093,5,61,910,6,19
2,2019,17,1093,1,58,109,6,26
2,2019,17,1093,1,57,109,6,20
2,2019,17,1093,1,60,109,6,27
2,2019,17,1093,15,110,910,6,14
2,2019,17,1093,1,48,109,6,25
2,2019,17,1093,1,60,109,6,24
2,2019,17,1093,1,59,109,6,23
2,2019,17,1093,1,55,109,6,22
2,2019,17,1093,1,56,109,6,21
2,2019,17,1094,85,207,801,6,44
2,2019,17,1094,125,233,801,6,30
2,2019,17,1094,80,198,801,6,38
2,2019,17,1094,105,223,801,6,32
2,2019,17,1094,65,184,801,6,33
2,2019,17,1094,100,219,801,6,34
2,2019,17,1094,75,199,801,6,35
2,2019,17,1094,95,213,801,6,36
2,2019,17,1094,85,205,801,6,37
2,2019,17,1094,130,236,801,6,31
2,2019,17,1094,75,199,801,6,39
2,2019,17,1094,75,202,801,6,40
2,2019,17,1094,90,209,801,6,41
2,2019,17,1094,75,194,801,6,47
2,2019,17,1094,90,210,801,6,43
2,2019,17,1094,105,220,801,6,45
2,2019,17,1094,80,199,801,6,46
2,2019,17,1094,100,225,801,6,29
2,2019,17,1094,155,254,801,6,26
2,2019,17,1094,NA,135,101,6,1
2,2019,17,1094,100,211,801,6,42
2,2019,17,1094,65,190,801,6,11
2,2019,17,1094,15,129,204,6,2
2,2019,17,1094,485,355,134,6,3
2,2019,17,1094,1,58,109,6,4
2,2019,17,1094,2,67,109,6,5
2,2019,17,1094,1,61,109,6,6
2,2019,17,1094,100,218,801,6,7
2,2019,17,1094,70,190,801,6,8
2,2019,17,1094,140,244,801,6,28
2,2019,17,1094,75,199,801,6,10
2,2019,17,1094,70,193,801,6,12
2,2019,17,1094,75,199,801,6,13
2,2019,17,1094,75,202,801,6,14
2,2019,17,1094,140,238,801,6,24
2,2019,17,1094,135,245,801,6,27
2,2019,17,1094,65,184,801,6,9
2,2019,17,1094,75,205,801,6,25
2,2019,17,1094,60,178,801,6,15
2,2019,17,1094,200,218,801,6,23
2,2019,17,1094,215,270,801,6,22
2,2019,17,1094,75,197,801,6,20
2,2019,17,1094,75,200,801,6,19
2,2019,17,1094,65,194,801,6,18
2,2019,17,1094,70,196,801,6,17
2,2019,17,1094,55,178,801,6,16
2,2019,17,1094,70,198,801,6,21
2,2019,17,1094,1,61,109,6,48
2,2019,17,1095,95,213,801,6,10
2,2019,17,1095,25,126,910,6,3
2,2019,17,1095,15,109,910,6,4
2,2019,17,1095,30,125,910,6,5
2,2019,17,1095,15,110,910,6,6
2,2019,17,1095,10,96,910,6,7
2,2019,17,1095,3,57,910,6,9
2,2019,17,1095,1340,529,404,6,1
2,2019,17,1095,5,75,910,6,8
2,2019,17,1095,25,125,910,6,2
2,2019,17,1096,15,108,910,6,2
2,2019,17,1096,45,144,910,6,1
2,2019,17,1096,5,89,910,6,3
2,2019,17,1097,5,74,904,6,2
2,2019,17,1097,5,84,904,6,1
2,2019,17,1098,590,389,405,6,34
2,2019,17,1098,965,464,405,6,8
2,2019,17,1098,980,459,405,6,9
2,2019,17,1098,675,392,405,6,37
2,2019,17,1098,425,334,405,6,39
2,2019,17,1098,825,434,405,6,40
2,2019,17,1098,260,289,405,6,41
2,2019,17,1098,515,363,405,6,44
2,2019,17,1098,610,387,405,6,43
2,2019,17,1098,545,359,405,6,12
2,2019,17,1098,1085,458,405,6,10
2,2019,17,1098,520,374,405,6,33
2,2019,17,1098,950,450,405,6,11
2,2019,17,1098,810,420,405,6,13
2,2019,17,1098,555,359,405,6,42
2,2019,17,1098,780,415,405,6,24
2,2019,17,1098,585,380,405,6,14
2,2019,17,1098,890,442,405,6,15
2,2019,17,1098,1220,468,405,6,16
2,2019,17,1098,825,427,405,6,17
2,2019,17,1098,375,334,405,6,18
2,2019,17,1098,1160,483,405,6,19
2,2019,17,1098,915,434,405,6,20
2,2019,17,1098,1060,455,405,6,21
2,2019,17,1098,705,410,405,6,35
2,2019,17,1098,885,430,405,6,23
2,2019,17,1098,680,395,405,6,38
2,2019,17,1098,955,428,405,6,25
2,2019,17,1098,765,413,405,6,26
2,2019,17,1098,900,440,405,6,27
2,2019,17,1098,490,360,405,6,28
2,2019,17,1098,335,319,405,6,29
2,2019,17,1098,515,370,405,6,30
2,2019,17,1098,580,384,405,6,31
2,2019,17,1098,615,380,405,6,32
2,2019,17,1098,840,434,405,6,22
2,2019,17,1098,130,244,405,6,48
2,2019,17,1098,530,374,405,6,7
2,2019,17,1098,495,367,405,6,36
2,2019,17,1098,45,183,801,6,51
2,2019,17,1098,240,249,132,6,49
2,2019,17,1098,735,414,405,6,47
2,2019,17,1098,665,383,405,6,46
2,2019,17,1098,400,329,405,6,45
2,2019,17,1098,685,408,405,6,4
2,2019,17,1098,1085,458,405,6,6
2,2019,17,1098,35,160,801,6,50
2,2019,17,1098,465,348,405,6,5
2,2019,17,1098,1040,447,405,6,3
2,2019,17,1098,1005,465,405,6,2
2,2019,17,1098,705,385,405,6,1
2,2019,17,1099,70,192,801,6,34
2,2019,17,1099,95,209,801,6,43
2,2019,17,1099,55,173,801,6,42
2,2019,17,1099,100,210,801,6,41
2,2019,17,1099,75,198,801,6,40
2,2019,17,1099,80,204,801,6,39
2,2019,17,1099,35,164,801,6,36
2,2019,17,1099,50,175,801,6,37
2,2019,17,1099,55,184,801,6,52
2,2019,17,1099,110,224,801,6,32
2,2019,17,1099,50,174,801,6,33
2,2019,17,1099,75,200,801,6,35
2,2019,17,1099,85,198,801,6,44
2,2019,17,1099,95,217,801,6,38
2,2019,17,1099,125,238,801,6,7
2,2019,17,1099,5,98,106,6,59
2,2019,17,1099,65,189,801,6,58
2,2019,17,1099,60,183,801,6,57
2,2019,17,1099,70,194,801,6,56
2,2019,17,1099,80,200,801,6,55
2,2019,17,1099,75,194,801,6,50
2,2019,17,1099,75,193,801,6,53
2,2019,17,1099,85,200,801,6,45
2,2019,17,1099,75,198,801,6,51
2,2019,17,1099,110,228,801,6,31
2,2019,17,1099,75,199,801,6,49
2,2019,17,1099,80,207,801,6,48
2,2019,17,1099,60,193,801,6,47
2,2019,17,1099,75,204,801,6,46
2,2019,17,1099,55,173,801,6,54
2,2019,17,1099,110,225,801,6,15
2,2019,17,1099,160,243,801,6,23
2,2019,17,1099,80,204,801,6,24
2,2019,17,1099,75,194,801,6,25
2,2019,17,1099,175,262,801,6,3
2,2019,17,1099,105,220,801,6,1
2,2019,17,1099,68,190,801,6,61
2,2019,17,1099,100,216,801,6,2
2,2019,17,1099,4190,NA,801,6,62
2,2019,17,1099,160,249,801,6,22
2,2019,17,1099,160,248,801,6,21
2,2019,17,1099,130,237,801,6,20
2,2019,17,1099,70,201,801,6,19
2,2019,17,1099,65,192,801,6,18
2,2019,17,1099,80,205,801,6,5
2,2019,17,1099,175,259,801,6,9
2,2019,17,1099,120,229,801,6,29
2,2019,17,1099,125,234,801,6,28
2,2019,17,1099,90,218,801,6,27
2,2019,17,1099,55,187,801,6,26
2,2019,17,1099,155,242,801,6,4
2,2019,17,1099,80,194,801,6,17
2,2019,17,1099,660,370,801,6,8
2,2019,17,1099,75,205,801,6,16
2,2019,17,1099,40,163,801,6,10
2,2019,17,1099,520,344,801,6,11
2,2019,17,1099,115,233,801,6,12
2,2019,17,1099,100,222,801,6,13
2,2019,17,1099,260,294,801,6,14
2,2019,17,1099,95,218,801,6,30
2,2019,17,1099,85,210,801,6,6
2,2019,17,1099,1335,NA,801,6,60
2,2019,17,1100,10,40,910,6,1
2,2019,17,1101,20,119,910,6,2
2,2019,17,1101,25,128,910,6,1
2,2019,17,1101,5,118,109,6,3
2,2019,17,1101,5715,798,307,6,4
2,2019,17,1102,NA,NA,910,6,1
